Model,Train_RMSE,Train_R2,Temporal_RMSE,Temporal_R2,Spatial_RMSE,Spatial_R2,Train_Time,Inference_Time
OLS,458.2191555700617,0.3390528558126138,547.0264103037449,0.26523191612184616,647.4210780134794,0.2892772395216615,0.3059964179992676,0.213059663772583
LASSO,459.648805268077,0.3349220945408291,548.414631522056,0.26149785535751624,652.1833639311594,0.2787829459880513,0.36100220680236816,0.04835319519042969
Random Forest,402.37631022851735,0.4903347108937207,530.8889200450824,0.3079443516594431,652.8102606420421,0.27739577200209997,19.240500450134277,0.30301356315612793
Gradient Boosting,428.66211130062726,0.4215704832985616,538.9981567727332,0.28664081955374054,652.2567490430305,0.27862063098638823,46.07613492012024,0.13655471801757812
Ridge,458.7693565458397,0.33746465468386255,547.4969277075209,0.26396737076025123,649.1253968058085,0.28553039669209623,2.8105885982513428,0.03926396369934082
